Metodo,Semilla,Costo_m,Mejora_pct,Gap_optimo_pct,Tiempo_ms,Evaluaciones,Ruta
Vecino más cercano,,16615.4,47.65,27.6,0.05,1,"['Cliente 1', 'Cliente 2', 'Cliente 12', 'Cliente 3', 'Cliente 4', 'Cliente 14', 'Cliente 5', 'Cliente 15', 'Cliente 6', 'Cliente 7', 'Cliente 8', 'Cliente 9', 'Cliente 10', 'Cliente 11', 'Cliente 13']"
Vecino más cercano + 2-opt,,16615.4,47.65,27.6,0.21,106,"['Cliente 1', 'Cliente 2', 'Cliente 12', 'Cliente 3', 'Cliente 4', 'Cliente 14', 'Cliente 5', 'Cliente 15', 'Cliente 6', 'Cliente 7', 'Cliente 8', 'Cliente 9', 'Cliente 10', 'Cliente 11', 'Cliente 13']"
2-opt (hill climbing),0.0,16411.0,48.3,26.03,1.62,1156,"['Cliente 9', 'Cliente 10', 'Cliente 3', 'Cliente 13', 'Cliente 4', 'Cliente 14', 'Cliente 5', 'Cliente 15', 'Cliente 6', 'Cliente 7', 'Cliente 8', 'Cliente 1', 'Cliente 11', 'Cliente 2', 'Cliente 12']"
2-opt (hill climbing),1.0,13021.0,58.98,0.0,1.13,841,"['Cliente 2', 'Cliente 12', 'Cliente 3', 'Cliente 13', 'Cliente 4', 'Cliente 14', 'Cliente 5', 'Cliente 15', 'Cliente 6', 'Cliente 7', 'Cliente 8', 'Cliente 9', 'Cliente 10', 'Cliente 11', 'Cliente 1']"
2-opt (hill climbing),2.0,17479.0,44.93,34.24,1.52,1156,"['Cliente 2', 'Cliente 12', 'Cliente 3', 'Cliente 4', 'Cliente 15', 'Cliente 10', 'Cliente 11', 'Cliente 1', 'Cliente 9', 'Cliente 8', 'Cliente 7', 'Cliente 6', 'Cliente 5', 'Cliente 14', 'Cliente 13']"
2-opt (hill climbing),3.0,13031.4,58.94,0.08,1.25,946,"['Cliente 3', 'Cliente 13', 'Cliente 4', 'Cliente 14', 'Cliente 5', 'Cliente 15', 'Cliente 6', 'Cliente 7', 'Cliente 8', 'Cliente 9', 'Cliente 10', 'Cliente 11', 'Cliente 1', 'Cliente 2', 'Cliente 12']"
2-opt (hill climbing),4.0,19132.4,39.72,46.93,1.5,1156,"['Cliente 13', 'Cliente 14', 'Cliente 5', 'Cliente 6', 'Cliente 8', 'Cliente 9', 'Cliente 12', 'Cliente 3', 'Cliente 4', 'Cliente 15', 'Cliente 7', 'Cliente 10', 'Cliente 11', 'Cliente 2', 'Cliente 1']"
2-opt (hill climbing),5.0,13031.4,58.94,0.08,1.52,1156,"['Cliente 3', 'Cliente 13', 'Cliente 4', 'Cliente 14', 'Cliente 5', 'Cliente 15', 'Cliente 6', 'Cliente 7', 'Cliente 8', 'Cliente 9', 'Cliente 10', 'Cliente 11', 'Cliente 1', 'Cliente 2', 'Cliente 12']"
2-opt (hill climbing),6.0,19718.6,37.87,51.44,1.41,1051,"['Cliente 1', 'Cliente 2', 'Cliente 13', 'Cliente 4', 'Cliente 14', 'Cliente 7', 'Cliente 8', 'Cliente 10', 'Cliente 11', 'Cliente 12', 'Cliente 3', 'Cliente 5', 'Cliente 6', 'Cliente 15', 'Cliente 9']"
2-opt (hill climbing),7.0,13072.9,58.81,0.4,1.39,1051,"['Cliente 12', 'Cliente 3', 'Cliente 13', 'Cliente 4', 'Cliente 14', 'Cliente 5', 'Cliente 15', 'Cliente 6', 'Cliente 7', 'Cliente 8', 'Cliente 9', 'Cliente 10', 'Cliente 11', 'Cliente 2', 'Cliente 1']"
2-opt (hill climbing),8.0,18318.1,42.29,40.68,1.22,946,"['Cliente 7', 'Cliente 9', 'Cliente 10', 'Cliente 2', 'Cliente 3', 'Cliente 13', 'Cliente 4', 'Cliente 14', 'Cliente 5', 'Cliente 15', 'Cliente 6', 'Cliente 8', 'Cliente 1', 'Cliente 11', 'Cliente 12']"
2-opt (hill climbing),9.0,19404.3,38.86,49.02,1.13,841,"['Cliente 12', 'Cliente 2', 'Cliente 11', 'Cliente 1', 'Cliente 15', 'Cliente 5', 'Cliente 6', 'Cliente 7', 'Cliente 8', 'Cliente 10', 'Cliente 3', 'Cliente 13', 'Cliente 4', 'Cliente 14', 'Cliente 9']"
Simulated Annealing,0.0,13031.4,58.94,0.08,327.68,92611,"['Cliente 3', 'Cliente 13', 'Cliente 4', 'Cliente 14', 'Cliente 5', 'Cliente 15', 'Cliente 6', 'Cliente 7', 'Cliente 8', 'Cliente 9', 'Cliente 10', 'Cliente 11', 'Cliente 1', 'Cliente 2', 'Cliente 12']"
Algoritmo Genético,0.0,13031.4,58.94,0.08,901.44,79400,"['Cliente 3', 'Cliente 13', 'Cliente 4', 'Cliente 14', 'Cliente 5', 'Cliente 15', 'Cliente 6', 'Cliente 7', 'Cliente 8', 'Cliente 9', 'Cliente 10', 'Cliente 11', 'Cliente 1', 'Cliente 2', 'Cliente 12']"
Simulated Annealing,1.0,13072.9,58.81,0.4,332.9,92611,"['Cliente 12', 'Cliente 3', 'Cliente 13', 'Cliente 4', 'Cliente 14', 'Cliente 5', 'Cliente 15', 'Cliente 6', 'Cliente 7', 'Cliente 8', 'Cliente 9', 'Cliente 10', 'Cliente 11', 'Cliente 2', 'Cliente 1']"
Algoritmo Genético,1.0,13021.0,58.98,0.0,900.38,79400,"['Cliente 2', 'Cliente 12', 'Cliente 3', 'Cliente 13', 'Cliente 4', 'Cliente 14', 'Cliente 5', 'Cliente 15', 'Cliente 6', 'Cliente 7', 'Cliente 8', 'Cliente 9', 'Cliente 10', 'Cliente 11', 'Cliente 1']"
Simulated Annealing,2.0,13498.1,57.47,3.66,329.79,92611,"['Cliente 11', 'Cliente 2', 'Cliente 12', 'Cliente 3', 'Cliente 13', 'Cliente 4', 'Cliente 14', 'Cliente 5', 'Cliente 15', 'Cliente 6', 'Cliente 7', 'Cliente 8', 'Cliente 9', 'Cliente 10', 'Cliente 1']"
Algoritmo Genético,2.0,13021.0,58.98,0.0,902.77,79400,"['Cliente 2', 'Cliente 12', 'Cliente 3', 'Cliente 13', 'Cliente 4', 'Cliente 14', 'Cliente 5', 'Cliente 15', 'Cliente 6', 'Cliente 7', 'Cliente 8', 'Cliente 9', 'Cliente 10', 'Cliente 11', 'Cliente 1']"
Simulated Annealing,3.0,13072.9,58.81,0.4,336.51,92611,"['Cliente 12', 'Cliente 3', 'Cliente 13', 'Cliente 4', 'Cliente 14', 'Cliente 5', 'Cliente 15', 'Cliente 6', 'Cliente 7', 'Cliente 8', 'Cliente 9', 'Cliente 10', 'Cliente 11', 'Cliente 2', 'Cliente 1']"
Algoritmo Genético,3.0,13031.4,58.94,0.08,936.57,79400,"['Cliente 3', 'Cliente 13', 'Cliente 4', 'Cliente 14', 'Cliente 5', 'Cliente 15', 'Cliente 6', 'Cliente 7', 'Cliente 8', 'Cliente 9', 'Cliente 10', 'Cliente 11', 'Cliente 1', 'Cliente 2', 'Cliente 12']"
Simulated Annealing,4.0,13072.9,58.81,0.4,337.28,92611,"['Cliente 12', 'Cliente 3', 'Cliente 13', 'Cliente 4', 'Cliente 14', 'Cliente 5', 'Cliente 15', 'Cliente 6', 'Cliente 7', 'Cliente 8', 'Cliente 9', 'Cliente 10', 'Cliente 11', 'Cliente 2', 'Cliente 1']"
Algoritmo Genético,4.0,13031.4,58.94,0.08,887.41,79400,"['Cliente 3', 'Cliente 13', 'Cliente 4', 'Cliente 14', 'Cliente 5', 'Cliente 15', 'Cliente 6', 'Cliente 7', 'Cliente 8', 'Cliente 9', 'Cliente 10', 'Cliente 11', 'Cliente 1', 'Cliente 2', 'Cliente 12']"
Simulated Annealing,5.0,13021.0,58.98,0.0,346.35,92611,"['Cliente 2', 'Cliente 12', 'Cliente 3', 'Cliente 13', 'Cliente 4', 'Cliente 14', 'Cliente 5', 'Cliente 15', 'Cliente 6', 'Cliente 7', 'Cliente 8', 'Cliente 9', 'Cliente 10', 'Cliente 11', 'Cliente 1']"
Algoritmo Genético,5.0,13031.4,58.94,0.08,904.87,79400,"['Cliente 3', 'Cliente 13', 'Cliente 4', 'Cliente 14', 'Cliente 5', 'Cliente 15', 'Cliente 6', 'Cliente 7', 'Cliente 8', 'Cliente 9', 'Cliente 10', 'Cliente 11', 'Cliente 1', 'Cliente 2', 'Cliente 12']"
Simulated Annealing,6.0,13846.1,56.38,6.34,351.9,92611,"['Cliente 1', 'Cliente 11', 'Cliente 2', 'Cliente 12', 'Cliente 3', 'Cliente 13', 'Cliente 4', 'Cliente 14', 'Cliente 5', 'Cliente 15', 'Cliente 6', 'Cliente 7', 'Cliente 8', 'Cliente 9', 'Cliente 10']"
Algoritmo Genético,6.0,13031.4,58.94,0.08,881.75,79400,"['Cliente 3', 'Cliente 13', 'Cliente 4', 'Cliente 14', 'Cliente 5', 'Cliente 15', 'Cliente 6', 'Cliente 7', 'Cliente 8', 'Cliente 9', 'Cliente 10', 'Cliente 11', 'Cliente 1', 'Cliente 2', 'Cliente 12']"
Simulated Annealing,7.0,14354.4,54.77,10.24,333.12,92611,"['Cliente 11', 'Cliente 12', 'Cliente 3', 'Cliente 13', 'Cliente 4', 'Cliente 14', 'Cliente 5', 'Cliente 15', 'Cliente 6', 'Cliente 7', 'Cliente 8', 'Cliente 9', 'Cliente 10', 'Cliente 1', 'Cliente 2']"
Algoritmo Genético,7.0,13031.4,58.94,0.08,966.25,79400,"['Cliente 3', 'Cliente 13', 'Cliente 4', 'Cliente 14', 'Cliente 5', 'Cliente 15', 'Cliente 6', 'Cliente 7', 'Cliente 8', 'Cliente 9', 'Cliente 10', 'Cliente 11', 'Cliente 1', 'Cliente 2', 'Cliente 12']"
Simulated Annealing,8.0,13072.9,58.81,0.4,328.73,92611,"['Cliente 12', 'Cliente 3', 'Cliente 13', 'Cliente 4', 'Cliente 14', 'Cliente 5', 'Cliente 15', 'Cliente 6', 'Cliente 7', 'Cliente 8', 'Cliente 9', 'Cliente 10', 'Cliente 11', 'Cliente 2', 'Cliente 1']"
Algoritmo Genético,8.0,13031.4,58.94,0.08,967.92,79400,"['Cliente 3', 'Cliente 13', 'Cliente 4', 'Cliente 14', 'Cliente 5', 'Cliente 15', 'Cliente 6', 'Cliente 7', 'Cliente 8', 'Cliente 9', 'Cliente 10', 'Cliente 11', 'Cliente 1', 'Cliente 2', 'Cliente 12']"
Simulated Annealing,9.0,13072.9,58.81,0.4,359.77,92611,"['Cliente 12', 'Cliente 3', 'Cliente 13', 'Cliente 4', 'Cliente 14', 'Cliente 5', 'Cliente 15', 'Cliente 6', 'Cliente 7', 'Cliente 8', 'Cliente 9', 'Cliente 10', 'Cliente 11', 'Cliente 2', 'Cliente 1']"
Algoritmo Genético,9.0,13031.4,58.94,0.08,918.25,79400,"['Cliente 3', 'Cliente 13', 'Cliente 4', 'Cliente 14', 'Cliente 5', 'Cliente 15', 'Cliente 6', 'Cliente 7', 'Cliente 8', 'Cliente 9', 'Cliente 10', 'Cliente 11', 'Cliente 1', 'Cliente 2', 'Cliente 12']"
